{"store": {"mountain": {"name": "m1", "difficulty_level": 2, "length": 3}, "following": {"store": {"top": {"store": {"top": {"store": null}, "bottom": {"store": null}, "following": {"store": {"mountain": {"name": "default-b89d", "difficulty_level": 2, "length": 5}, "following": {"store": null}}}}}, "bottom": {"store": {"mountain": {"name": "l1", "difficulty_level": 2, "length": 5}, "following": {"store": {"mountain": {"name": "l2", "difficulty_level": 4, "length": 1}, "following": {"store": null}}}}}, "following": {"store": {"mountain": {"name": "c1", "difficulty_level": 4, "length": 4}, "following": {"store": null}}}}}}}