{"store": {"top": {"store": {"top": {"store": {"mountain": {"name": "top-top", "difficulty_level": 6, "length": 3}, "following": {"store": null}}}, "bottom": {"store": {"mountain": {"name": "top-bot", "difficulty_level": 3, "length": 5}, "following": {"store": null}}}, "following": {"store": {"mountain": {"name": "top-mid", "difficulty_level": 7, "length": 2}, "following": {"store": null}}}}}, "bottom": {"store": {"mountain": {"name": "bottom-1", "difficulty_level": 2, "length": 5}, "following": {"store": {"top": {"store": {"mountain": {"name": "bottom-2", "difficulty_level": 0, "length": 0}, "following": {"store": null}}}, "bottom": {"store": {"top": {"store": null}, "bottom": {"store": null}, "following": {"store": null}}}, "following": {"store": null}}}}}, "following": {"store": {"mountain": {"name": "final", "difficulty_level": 4, "length": 4}, "following": {"store": null}}}}}
